"Alt1","Alt2wTUCPwoVA","Alt2woTUCPwoVA","Alt2woTUCPDeltaVA","Alt2woTUCPAllVA","Alt3","Alt4"
-1.27891765644487,-0.0778585338984847,-1.46370159328895,-1.63301441931021,-1.54894268870703,0.810994258307631,-0.0981776852621046
