"NAA","Alt1","Alt2wTUCPwoVA","Alt2woTUCPwoVA","Alt2woTUCPDeltaVA","Alt2woTUCPAllVA","Alt3","Alt4"
0.678593020363351,0.669914374410522,0.678048022503876,0.679144270906138,0.673608106440137,0.665245080149772,0.684096370795775,0.675633747290938
