"WYT","Alt1","Alt2wTUCPwoVA","Alt2woTUCPwoVA","Alt2woTUCPDeltaVA","Alt2woTUCPAllVA","Alt3","Alt4"
"C",-2.43377255351009,-0.401523035664703,-4.63904303636042,-3.4947272052956,-3.02214299076673,-1.03379602726298,0.257367017355667
"D",-0.658393801127976,-0.076967480882187,-0.0735696443204889,0.00770874030677485,-0.0545892497348863,-0.269851514377182,-0.121851605763194
"AN",4.54880059871618,2.46386413443018,1.98353085784521,2.63613853387138,-0.000702398250467916,3.62050286006607,2.09764424137598
"W",1.01580312406541,-0.0421343290179152,3.96432208332208,2.32987642662477,2.43181829860573,0.19976994892136,-0.425985390292249
