"NAA","Alt1","Alt2wTUCPwoVA","Alt2woTUCPwoVA","Alt2woTUCPDeltaVA","Alt2woTUCPAllVA","Alt3","Alt4"
0.979799776901805,0.979136230548204,0.97975834504313,0.979841652046326,0.979419633194513,0.978775851561502,0.980216395546278,0.97957442661097
