"Alt1","Alt2wTUCPwoVA","Alt2woTUCPwoVA","Alt2woTUCPDeltaVA","Alt2woTUCPAllVA","Alt3","Alt4"
-0.0108711500001729,0.0208506471966317,0.0150907868235614,0.0257885406992131,0.0103398883916935,0.630036198571771,0.100302115653309
