"NAA","Alt1","Alt2wTUCPwoVA","Alt2woTUCPwoVA","Alt2woTUCPDeltaVA","Alt2woTUCPAllVA","Alt3","Alt4"
1.00985758628685,1.00985180792965,1.00985606483441,1.0098626945934,1.00986406845114,1.00986111556185,1.01019145773993,1.0098609491158
