"WYT","NAA","Alt1","Alt2wTUCPwoVA","Alt2woTUCPwoVA","Alt2woTUCPDeltaVA","Alt2woTUCPAllVA","Alt3","Alt4"
"C",1.07174203077206,1.07247182918948,1.07224742214478,1.07222142327864,1.07210202715898,1.07204805052593,1.07379163884347,1.07256179959988
"D",0.961611186090197,0.960779157632186,0.961861782252965,0.961865505658355,0.96177698346537,0.962132698300986,0.962489280391373,0.961814049434848
"AN",1.05309155127356,1.05725035758023,1.05505817764911,1.06048728159672,1.05399270220515,1.05447351747463,1.04665867720908,1.05213986304691
"W",1.01345077141145,1.01317318604407,1.01299496904701,1.01256629966381,1.01324353272159,1.01316073412368,1.01375694096148,1.01312323254474
