"WYT","Alt1","Alt2wTUCPwoVA","Alt2woTUCPwoVA","Alt2woTUCPDeltaVA","Alt2woTUCPAllVA","Alt3","Alt4"
"C",0.0680945970635599,0.0471560653785233,0.0447302142504917,0.0335898356676656,0.0285534900268869,0.191240803528918,0.0764893793733893
"D",-0.086524415485783,0.0260600299157313,0.0264472347906194,0.0172416229731843,0.0542331680759395,0.0913149008537352,0.0210961922641246
"AN",0.394914032083987,0.186747901753725,0.702287499526299,0.0855719458105058,0.131229445284258,-0.610856108065489,-0.0903708918278866
"W",-0.0273901185152283,-0.0449752841772648,-0.0872732818003266,-0.0204488166286867,-0.0286187840552317,0.030210599139104,-0.032319168918392
