"Alt1","Alt2wTUCPwoVA","Alt2woTUCPwoVA","Alt2woTUCPDeltaVA","Alt2woTUCPAllVA","Alt3","Alt4"
-0.000572195255194369,-0.00015066009914275,0.00050584425157414,0.000641888953322698,0.000349482447310721,0.0330612412692002,0.000333000315805924
