"NAA","Alt1","Alt2wTUCPwoVA","Alt2woTUCPwoVA","Alt2woTUCPDeltaVA","Alt2woTUCPAllVA","Alt3","Alt4"
1.20487644626017,1.20474546233438,1.20484195663491,1.20499225269888,1.2050234001569,1.20495645457882,1.21246760401968,1.20495268114996
